title,price,rating
A Light in the Attic,"₹6,714.57",3
Tipping the Velvet,"₹6,970.08",1
Soumission,"₹6,497.97",1
Sharp Objects,"₹6,202.25",4
Sapiens: A Brief History of Humankind,"₹7,033.63",5
The Requiem Red,"₹2,937.70",1
The Dirty Little Secrets of Getting Your Dream Job,"₹4,324.20",4
"The Coming Woman: A Novel Based on the Life of the Infamous Feminist, Victoria Woodhull","₹2,325.52",3
The Boys in the Boat: Nine Americans and Their Epic Quest for Gold at the 1936 Berlin Olympics,"₹2,931.22",4
The Black Maria,"₹6,763.85",1
"Starving Hearts (Triangular Trade Trilogy, #1)","₹1,814.50",2
Shakespeare's Sonnets,"₹2,679.60",4
Set Me Free,"₹2,264.56",5
Scott Pilgrim's Precious Little Life (Scott Pilgrim #1),"₹6,782.01",5
Rip it Up and Start Again,"₹4,542.09",5
"Our Band Could Be Your Life: Scenes from the American Indie Underground, 1981-1991","₹7,425.32",3
Olio,"₹3,097.24",1
Mesaerion: The Best Science Fiction Stories 1800-1849,"₹4,875.42",1
Libertarianism for Beginners,"₹6,657.50",2
It's Only the Himalayas,"₹5,858.55",2
In Her Wake,"₹1,665.35",1
How Music Works,"₹4,840.40",2
"Foolproof Preserving: A Guide to Small Batch Jams, Jellies, Pickles, Condiments, and More: A Foolproof Guide to Making Small Batch Jams, Jellies, Pickles, Condiments, and More","₹3,958.44",3
Chase Me (Paris Nights #2),"₹3,277.52",5
Black Dust,"₹4,478.54",5
Birdsong: A Story in Pictures,"₹7,086.81",3
America's Cradle of Quarterbacks: Western Pennsylvania's Football Factory from Johnny Unitas to Joe Montana,"₹2,918.25",3
Aladdin and His Wonderful Lamp,"₹6,890.96",3
Worlds Elsewhere: Journeys Around Shakespeare’s Globe,"₹5,226.91",5
Wall and Piece,"₹5,730.15",4
The Four Agreements: A Practical Guide to Personal Freedom,"₹2,290.50",5
The Five Love Languages: How to Express Heartfelt Commitment to Your Mate,"₹4,027.18",3
The Elephant Tree,"₹3,089.45",5
The Bear and the Piano,"₹4,784.63",1
Sophie's World,"₹2,067.42",5
Penny Maybe,"₹4,317.71",3
Maude (1883-1993):She Grew Up with the country,"₹2,337.19",2
"In a Dark, Dark Wood","₹2,546.01",1
Behind Closed Doors,"₹6,772.93",4
You can't bury them all: Poems,"₹4,361.81",2
Slow States of Collapse: Poems,"₹7,433.11",3
Reasons to Stay Alive,"₹3,425.38",2
Private Paris (Private #10),"₹6,175.02",5
#HigherSelfie: Wake Up Your Life. Free Your Soul. Find Your Tribe.,"₹2,997.37",5
Without Borders (Wanderlove #1),"₹5,845.58",2
When We Collided,"₹4,120.57",1
"We Love You, Charlie Freeman","₹6,520.02",5
Untitled Collection: Sabbath Poems 2014,"₹1,850.82",4
"Unseen City: The Majesty of Pigeons, the Discreet Charm of Snails & Other Wonders of the Urban Wilderness","₹5,730.15",4
Unicorn Tracks,"₹2,435.77",3
"Unbound: How Eight Technologies Made Us Human, Transformed Society, and Brought Our World to the Brink","₹3,309.94",1
Tsubasa: WoRLD CHRoNiCLE 2 (Tsubasa WoRLD CHRoNiCLE #2),"₹2,111.52",1
Throwing Rocks at the Google Bus: How Growth Became the Enemy of Prosperity,"₹4,036.26",3
This One Summer,"₹2,527.85",4
Thirst,"₹2,239.92",5
The Torch Is Passed: A Harding Family Story,"₹2,475.97",1
The Secret of Dreadwillow Carse,"₹7,280.06",1
"The Pioneer Woman Cooks: Dinnertime: Comfort Classics, Freezer Food, 16-Minute Meals, and Other Delicious Ways to Solve Supper!","₹7,316.38",1
The Past Never Ends,"₹7,328.05",4
The Natural History of Us (The Fine Art of Pretending #2),"₹5,865.03",3
The Nameless City (The Nameless City #1),"₹4,949.35",4
The Murder That Never Was (Forensic Instincts #5),"₹7,018.07",3
The Most Perfect Thing: Inside (and Outside) a Bird's Egg,"₹5,571.91",4
"The Mindfulness and Acceptance Workbook for Anxiety: A Guide to Breaking Free from Anxiety, Phobias, and Worry Using Acceptance and Commitment Therapy","₹3,098.53",4
The Life-Changing Magic of Tidying Up: The Japanese Art of Decluttering and Organizing,"₹2,175.07",3
"The Inefficiency Assassin: Time Management Tactics for Working Smarter, Not Longer","₹2,670.52",5
The Gutsy Girl: Escapades for Your Life of Epic Adventure,"₹4,815.76",1
The Electric Pencil: Drawings from Inside State Hospital No. 3,"₹7,270.98",1
The Death of Humanity: and the Case for Life,"₹7,536.87",4
"The Bulletproof Diet: Lose up to a Pound a Day, Reclaim Energy and Focus, Upgrade Your Life","₹6,361.78",3
The Art Forger,"₹5,286.57",3
The Age of Genius: The Seventeenth Century and the Birth of the Modern Mind,"₹2,558.98",1
The Activist's Tao Te Ching: Ancient Advice for a Modern Revolution,"₹4,181.53",5
Spark Joy: An Illustrated Master Class on the Art of Organizing and Tidying Up,"₹5,425.35",4
Soul Reader,"₹5,133.53",2
Security,"₹5,090.72",2
"Saga, Volume 6 (Saga (Collected Editions) #6)","₹3,245.09",3
"Saga, Volume 5 (Saga (Collected Editions) #5)","₹6,619.89",2
Reskilling America: Learning to Labor in the Twenty-First Century,"₹2,571.95",2
"Rat Queens, Vol. 3: Demons (Rat Queens (Collected Editions) #11-15)","₹6,536.88",3
"Princess Jellyfish 2-in-1 Omnibus, Vol. 01 (Princess Jellyfish 2-in-1 Omnibus #1)","₹1,765.22",5
Princess Between Worlds (Wide-Awake Princess #5),"₹1,730.20",5
"Pop Gun War, Volume 1: Gift","₹2,460.41",1
"Political Suicide: Missteps, Peccadilloes, Bad Calls, Backroom Hijinx, Sordid Pasts, Rotten Breaks, and Just Plain Dumb Mistakes in the Annals of American Politics","₹4,705.52",2
Patience,"₹1,317.75",3
"Outcast, Vol. 1: A Darkness Surrounds Him (Outcast #1)","₹2,002.57",4
orange: The Complete Collection 1 (orange: The Complete Collection #1),"₹6,278.78",1
Online Marketing for Busy Authors: A Step-By-Step Guide,"₹6,011.59",1
On a Midnight Clear,"₹1,824.88",3
Obsidian (Lux #1),"₹1,927.34",2
My Paris Kitchen: Recipes and Stories,"₹4,328.09",2
Masks and Shadows,"₹7,315.08",2
"Mama Tried: Traditional Italian Cooking for the Screwed, Crude, Vegan, and Tattooed","₹1,818.39",4
"Lumberjanes, Vol. 2: Friendship to the Max (Lumberjanes #5-8)","₹6,084.23",2
"Lumberjanes, Vol. 1: Beware the Kitten Holy (Lumberjanes #1-4)","₹5,915.62",3
Lumberjanes Vol. 3: A Terrible Plan (Lumberjanes #9-12),"₹2,583.62",2
"Layered: Baking, Building, and Styling Spectacular Cakes","₹5,202.27",1
Judo: Seven Steps to Black Belt (an Introductory Guide for Beginners),"₹6,990.83",2
Join,"₹4,626.40",5
In the Country We Love: My Family Divided,"₹2,853.40",4
Immunity: How Elie Metchnikoff Changed the Course of Modern Medicine,"₹7,439.59",5
"I Hate Fairyland, Vol. 1: Madly Ever After (I Hate Fairyland (Compilations) #1-5)","₹3,783.35",2
I am a Hero Omnibus Volume 1,"₹7,085.51",3
How to Be Miserable: 40 Strategies You Already Use,"₹5,970.09",1
Her Backup Boyfriend (The Sorensen Family #1),"₹4,405.91",1
"Giant Days, Vol. 2 (Giant Days #5-8)","₹2,867.67",2
Forever and Forever: The Courtship of Henry Longfellow and Fanny Appleton,"₹3,850.79",3
First and First (Five Boroughs #3),"₹2,071.31",4
Fifty Shades Darker (Fifty Shades #2),"₹2,848.21",1
Everydata: The Misinformation Hidden in the Little Data You Consume Every Day,"₹7,049.19",2
"Don't Be a Jerk: And Other Practical Advice from Dogen, Japan's Greatest Zen Master","₹4,924.71",2
Danganronpa Volume 1,"₹6,743.10",4
Crown of Midnight (Throne of Glass #2),"₹5,614.71",3
"Codename Baboushka, Volume 1: The Conclave of Death","₹4,762.58",4
Camp Midnight,"₹2,215.28",4
Call the Nurse: True Stories of a Country Nurse on a Scottish Isle,"₹3,779.46",5
Burning,"₹3,736.66",3
Bossypants,"₹6,414.96",2
"Bitch Planet, Vol. 1: Extraordinary Machine (Bitch Planet (Collected Editions))","₹4,918.22",2
"Avatar: The Last Airbender: Smoke and Shadow, Part 3 (Smoke and Shadow #3)","₹3,643.27",2
Algorithms to Live By: The Computer Science of Human Decisions,"₹3,996.06",1
A World of Flavor: Your Gluten Free Passport,"₹5,570.61",1
"A Piece of Sky, a Grain of Rice: A Memoir in Four Meditations","₹7,361.77",5
A Murder in Time,"₹2,158.21",1
A Flight of Arrows (The Pathfinders #2),"₹7,202.24",5
A Fierce and Subtle Poison,"₹3,648.46",4
A Court of Thorns and Roses (A Court of Thorns and Roses #1),"₹6,792.39",1
(Un)Qualified: How God Uses Broken People to Do Big Things,"₹7,003.80",5
You Are What You Love: The Spiritual Power of Habit,"₹2,836.54",4
"William Shakespeare's Star Wars: Verily, A New Hope (William Shakespeare's Star Wars #4)","₹5,616.01",4
Tuesday Nights in 1980,"₹2,728.89",2
Tracing Numbers on a Train,"₹5,395.52",3
Throne of Glass (Throne of Glass #1),"₹4,548.58",3
Thomas Jefferson and the Tripoli Pirates: The Forgotten War That Changed American History,"₹7,735.31",1
Thirteen Reasons Why,"₹6,837.78",1
The White Cat and the Monk: A Retelling of the Poem “Pangur Bán”,"₹7,532.98",4
The Wedding Dress,"₹3,128.36",1
The Vacationers,"₹5,466.85",4
The Third Wave: An Entrepreneur’s Vision of the Future,"₹1,635.52",5
The Stranger,"₹2,261.97",4
The Shadow Hero (The Shadow Hero),"₹4,298.26",1
The Secret (The Secret #1),"₹3,549.89",4
The Regional Office Is Under Attack!,"₹6,661.39",5
The Psychopath Test: A Journey Through the Madness Industry,"₹4,669.20",2
The Project,"₹1,381.30",1
The Power of Now: A Guide to Spiritual Enlightenment,"₹5,647.14",2
The Omnivore's Dilemma: A Natural History of Four Meals,"₹4,955.84",2
The Nerdy Nummies Cookbook: Sweet Treats for the Geek in All of Us,"₹4,843.00",5
The Murder of Roger Ackroyd (Hercule Poirot #4),"₹5,719.77",4
The Mistake (Off-Campus #2),"₹5,614.71",3
The Matchmaker's Playbook (Wingmen Inc. #1),"₹7,243.74",1
The Love and Lemons Cookbook: An Apple-to-Zucchini Celebration of Impromptu Cooking,"₹4,876.72",2
The Long Shadow of Small Ghosts: Murder and Memory in an American City,"₹1,422.81",1
The Kite Runner,"₹5,424.05",4
The House by the Lake,"₹4,792.41",1
The Glittering Court (The Glittering Court #1),"₹5,743.12",1
The Girl on the Train,"₹7,136.09",2
The Genius of Birds,"₹2,236.03",1
The Emerald Mystery,"₹3,002.55",2
The Cookies & Cups Cookbook: 125+ sweet & savory recipes reminding you to Always Eat Dessert First,"₹5,350.12",1
The Bridge to Consciousness: I'm Writing the Bridge Between Science and Our Old and New Beliefs.,"₹4,150.40",3
The Artist's Way: A Spiritual Path to Higher Creativity,"₹4,992.15",5
The Art of War,"₹4,324.20",5
The Argonauts,"₹1,417.62",2
The 10% Entrepreneur: Live Your Startup Dream Without Quitting Your Day Job,"₹3,573.23",3
Suddenly in Love (Lake Haven #1),"₹7,261.90",2
Something More Than This,"₹2,106.33",4
Soft Apocalypse,"₹3,387.76",2
So You've Been Publicly Shamed,"₹1,586.23",2
Shoe Dog: A Memoir by the Creator of NIKE,"₹3,111.50",2
"Shobu Samurai, Project Aryoku (#3)","₹3,769.08",3
Secrets and Lace (Fatal Hearts #1),"₹2,629.02",1
Scarlett Epstein Hates It Here,"₹5,648.43",5
Romero and Juliet: A Tragic Tale of Love and Zombies,"₹4,791.12",1
Redeeming Love,"₹2,654.96",5
Poses for Artists Volume 1 - Dynamic and Sitting Poses: An Essential Reference for Figure Drawing and the Human Form,"₹5,325.48",1
Poems That Make Grown Women Cry,"₹1,840.44",4
"Nightingale, Sing","₹4,964.92",1
Night Sky with Exit Wounds,"₹5,324.18",1
Mrs. Houdini,"₹3,923.42",5
Modern Romance,"₹3,665.32",5
Miss Peregrine’s Home for Peculiar Children (Miss Peregrine’s Peculiar Children #1),"₹1,395.57",1
Louisa: The Extraordinary Life of Mrs. Adams,"₹2,185.45",2
Little Red,"₹1,747.06",3
Library of Souls (Miss Peregrine’s Peculiar Children #3),"₹6,298.23",5
Large Print Heart of the Pride,"₹2,483.75",2
I Had a Nice Time And Other Lies...: How to find love & sh*t like that,"₹7,439.59",4
Hollow City (Miss Peregrine’s Peculiar Children #2),"₹5,574.51",1
Grumbles,"₹2,874.15",2
Full Moon over Noah’s Ark: An Odyssey to Mount Ararat and Beyond,"₹6,411.07",4
Frostbite (Vampire Academy #2),"₹3,889.70",5
Follow You Home,"₹2,770.39",1
First Steps for New Christians (Print Edition),"₹3,761.30",1
Finders Keepers (Bill Hodges Trilogy #2),"₹6,942.84",5
"Fables, Vol. 1: Legends in Exile (Fables #1)","₹5,398.11",4
Eureka Trivia 6.0,"₹7,080.32",4
Drive: The Surprising Truth About What Motivates Us,"₹4,533.02",4
Done Rubbed Out (Reightman & Bailey #1),"₹4,892.28",5
Doing It Over (Most Likely To #1),"₹4,618.62",3
"Deliciously Ella Every Day: Quick and Easy Recipes for Gluten-Free Snacks, Packed Lunches, and Simple Meals","₹5,468.15",3
Dark Notes,"₹2,488.94",5
"Daring Greatly: How the Courage to Be Vulnerable Transforms the Way We Live, Love, Parent, and Lead","₹2,520.07",3
Close to You,"₹6,414.96",4
Chasing Heaven: What Dying Taught Me About Living,"₹4,902.66",2
Big Magic: Creative Living Beyond Fear,"₹3,994.76",3
Becoming Wise: An Inquiry into the Mystery and Art of Living,"₹3,557.67",2
Beauty Restored (Riley Family Legacy Novellas #3),"₹1,440.97",2
Batman: The Long Halloween (Batman),"₹4,734.05",2
Batman: The Dark Knight Returns (Batman),"₹1,994.79",5
Ayumi's Violin,"₹2,007.76",2
Anonymous,"₹6,072.55",4
Amy Meets the Saints and Sages,"₹2,394.26",3
Amid the Chaos,"₹4,744.43",1
Amatus,"₹6,555.04",5
Agnostic: A Spirited Manifesto,"₹1,622.55",5
Zealot: The Life and Times of Jesus of Nazareth,"₹3,203.59",3
You (You #1),"₹5,656.22",5
"Wonder Woman: Earth One, Volume One (Wonder Woman: Earth One #1)","₹4,843.00",4
Wild Swans,"₹1,862.49",2
Why the Right Went Wrong: Conservatism--From Goldwater to the Tea Party and Beyond,"₹6,828.70",4
Whole Lotta Creativity Going On: 60 Fun and Unusual Exercises to Awaken and Strengthen Your Creativity,"₹4,954.54",4
What's It Like in Space?: Stories from Astronauts Who've Been There,"₹2,542.12",2
"We Are Robin, Vol. 1: The Vigilante Business (We Are Robin #1)","₹6,990.83",1
Walt Disney's Alice in Wonderland,"₹1,680.91",5
V for Vendetta (V for Vendetta Complete),"₹4,811.87",4
Until Friday Night (The Field Party #1),"₹6,006.41",2
"Unbroken: A World War II Story of Survival, Resilience, and Redemption","₹5,959.72",2
Twenty Yawns,"₹2,863.78",2
Through the Woods,"₹3,291.79",2
This Is Where It Ends,"₹3,517.46",2
The Year of Magical Thinking,"₹5,582.29",2
The Wright Brothers,"₹7,366.96",4
The White Queen (The Cousins' War #1),"₹3,360.53",5
The Wedding Pact (The O'Malleys #2),"₹4,229.52",3
The Time Keeper,"₹3,616.04",5
The Testament of Mary,"₹6,831.30",4
The Star-Touched Queen,"₹5,968.79",5
The Songs of the Gods,"₹5,769.06",5
The Song of Achilles,"₹4,850.78",5
The Rosie Project (Don Tillman #1),"₹7,008.99",1
The Power of Habit: Why We Do What We Do in Life and Business,"₹2,189.34",3
The Marriage of Opposites,"₹3,641.98",4
The Lucifer Effect: Understanding How Good People Turn Evil,"₹1,348.88",1
The Long Haul (Diary of a Wimpy Kid #9),"₹5,715.88",1
The Loney,"₹3,034.98",1
The Literature Book (Big Ideas Simply Explained),"₹2,260.67",3
The Last Mile (Amos Decker #2),"₹7,031.04",2
The Immortal Life of Henrietta Lacks,"₹5,274.90",2
The Hidden Oracle (The Trials of Apollo #1),"₹6,778.12",2
The Help Yourself Cookbook for Kids: 60 Easy Plant-Based Recipes Kids Can Make to Stay Healthy and Save the Earth,"₹3,731.47",3
The Guilty (Will Robie #4),"₹1,792.45",2
The First Hostage (J.B. Collins #2),"₹3,352.74",3
The Dovekeepers,"₹6,326.77",1
The Darkest Lie,"₹4,584.89",5
The Bane Chronicles (The Bane Chronicles #1-11),"₹5,801.48",4
The Bad-Ass Librarians of Timbuktu: And Their Race to Save the World’s Most Precious Manuscripts,"₹2,045.37",1
The 14th Colony (Cotton Malone #11),"₹5,089.43",1
That Darkness (Gardiner and Renner #1),"₹1,805.42",1
Tastes Like Fear (DI Marnie Rome #3),"₹1,386.49",1
Take Me with You,"₹5,863.74",3
Swell: A Year of Waves,"₹5,911.73",1
Superman Vol. 1: Before Truth (Superman by Gene Luen Yang #1),"₹1,542.13",5
Still Life with Bread Crumbs,"₹3,425.38",3
Steve Jobs,"₹5,123.15",5
Sorting the Beef from the Bull: The Science of Food Fraud Forensics,"₹5,802.78",4
Someone Like You (The Harrisons #2),"₹6,846.86",5
"So Cute It Hurts!!, Vol. 6 (So Cute It Hurts!! #6)","₹4,595.27",4
Shtum,"₹7,242.45",4
See America: A Celebration of Our National Parks & Treasured Sites,"₹6,338.44",3
salt.,"₹6,067.37",4
Robin War,"₹6,202.25",3
"Red Hood/Arsenal, Vol. 1: Open for Business (Red Hood/Arsenal #1)","₹3,304.76",2
Rain Fish,"₹3,057.03",3
"Quarter Life Poetry: Poems for the Young, Broke and Hangry","₹6,600.43",5
Pet Sematary,"₹1,369.63",3
"Overload: How to Unplug, Unwind, and Unleash Yourself from the Pressure of Stress","₹6,763.85",3
Once Was a Time,"₹2,370.92",2
Old School (Diary of a Wimpy Kid #10),"₹1,534.35",5
No Dream Is Too High: Life Lessons From a Man Who Walked on the Moon,"₹2,846.91",2
"Naruto (3-in-1 Edition), Vol. 14: Includes Vols. 40, 41 & 42 (Naruto: Omnibus #14)","₹4,979.18",2
My Name Is Lucy Barton,"₹5,390.33",1
My Mrs. Brown,"₹3,175.06",3
My Kind of Crazy,"₹5,234.69",1
Mr. Mercedes (Bill Hodges Trilogy #1),"₹3,748.33",1
More Than Music (Chasing the Dream #1),"₹4,878.02",2
Made to Stick: Why Some Ideas Survive and Others Die,"₹5,038.84",5
Luis Paints the World,"₹6,997.31",3
Luckiest Girl Alive,"₹6,462.95",3
Lowriders to the Center of the Earth (Lowriders in Space #2),"₹6,680.85",2
Love Is a Mix Tape (Music #1),"₹2,338.49",1
Looking for Lovely: Collecting the Moments that Matter,"₹3,779.46",5
"Living Leadership by Insight: A Good Leader Achieves, a Great Leader Builds Monuments","₹6,084.23",4
Let It Out: A Journey Through Journaling,"₹3,474.66",5
Lady Midnight (The Dark Artifices #1),"₹2,111.52",5
"It's All Easy: Healthy, Delicious Weeknight Meals in under 30 Minutes","₹2,535.63",1
Island of Dragons (Unwanteds #7),"₹3,845.60",1
I Know What I'm Doing -- and Other Lies I Tell Myself: Dispatches from a Life Under Construction,"₹3,369.61",4
I Am Pilgrim (Pilgrim #1),"₹1,374.82",4
"Hyperbole and a Half: Unfortunate Situations, Flawed Coping Mechanisms, Mayhem, and Other Things That Happened","₹1,913.07",5
"Hush, Hush (Hush, Hush #1)","₹6,098.49",3
Hold Your Breath (Search and Rescue #1),"₹3,737.95",1
Hamilton: The Revolution,"₹7,625.06",3
Greek Mythic History,"₹1,326.83",5
God: The Most Unpleasant Character in All Fiction,"₹3,894.89",5
Glory over Everything: Beyond The Kitchen House,"₹5,945.45",3
Feathers: Displays of Brilliant Plumage,"₹6,361.78",3
"Far & Away: Places on the Brink of Change: Seven Continents, Twenty-Five Years","₹1,953.28",4
Every Last Word,"₹6,027.16",3
Eligible (The Austen Project #4),"₹3,513.57",3
El Deafo,"₹7,473.31",5
Eight Hundred Grapes,"₹1,866.38",4
"Eaternity: More than 150 Deliciously Easy Vegan Recipes for a Long, Healthy, Satisfied, Joyful Life","₹6,711.97",5
"Eat Fat, Get Thin","₹7,012.88",2
Don't Get Caught,"₹7,178.89",1
Doctor Sleep (The Shining #2),"₹5,203.56",2
Demigods & Magicians: Percy and Annabeth Meet the Kanes (Percy Jackson & Kane Chronicles Crossover #1-3),"₹4,865.05",5
Dear Mr. Knightley,"₹1,453.94",5
Daily Fantasy Sports,"₹4,744.43",1
Crazy Love: Overwhelmed by a Relentless God,"₹6,189.28",2
Cometh the Hour (The Clifton Chronicles #6),"₹3,243.80",3
Code Name Verity (Code Name Verity #1),"₹2,870.26",4
Clockwork Angel (The Infernal Devices #1),"₹5,724.96",1
City of Glass (The Mortal Instruments #3),"₹7,265.79",4
City of Fallen Angels (The Mortal Instruments #4),"₹1,456.53",4
City of Bones (The Mortal Instruments #1),"₹5,613.42",1
City of Ashes (The Mortal Instruments #2),"₹6,130.92",1
Cell,"₹2,631.61",4
Catching Jordan (Hundred Oaks),"₹6,592.65",3
"Carry On, Warrior: Thoughts on Life Unarmed","₹4,130.94",3
Carrie,"₹5,996.03",2
Buying In: The Secret Dialogue Between What We Buy and Who We Are,"₹4,902.66",4
Brain on Fire: My Month of Madness,"₹6,396.80",5
Batman: Europa,"₹4,151.70",2
Barefoot Contessa Back to Basics,"₹3,632.90",1
Barefoot Contessa at Home: Everyday Recipes You'll Make Over and Over Again,"₹6,565.41",5
Balloon Animals,"₹2,208.79",3
Art Ops Vol. 1,"₹6,329.36",3
Aristotle and Dante Discover the Secrets of the Universe (Aristotle and Dante Discover the Secrets of the Universe #1),"₹7,540.76",4
Angels Walking (Angels Walking #1),"₹4,435.74",2
Angels & Demons (Robert Langdon #1),"₹6,676.96",3
All the Light We Cannot See,"₹3,874.14",5
"Adulthood Is a Myth: A ""Sarah's Scribbles"" Collection","₹1,413.73",2
Abstract City,"₹7,311.19",5
A Time of Torment (Charlie Parker #14),"₹6,270.99",5
A Study in Scarlet (Sherlock Holmes #1),"₹2,169.88",2
"A Series of Catastrophes and Miracles: A True Story of Love, Science, and Cancer","₹7,325.46",2
A People's History of the United States,"₹5,290.46",2
A Man Called Ove,"₹5,151.68",1
A Distant Mirror: The Calamitous 14th Century,"₹1,891.03",3
A Brush of Wings (Angels Walking #3),"₹7,199.65",1
1491: New Revelations of the Americas Before Columbus,"₹2,827.46",3
"The Three Searches, Meaning, and the Story","₹1,728.90",3
Searching for Meaning in Gailana,"₹5,023.28",1
Rook,"₹4,910.44",4
My Kitchen Year: 136 Recipes That Saved My Life,"₹1,495.44",2
13 Hours: The Inside Account of What Really Happened In Benghazi,"₹3,509.68",1
Will You Won't You Want Me?,"₹1,797.64",3
Tipping Point for Planet Earth: How Close Are We to the Edge?,"₹4,870.23",1
The Star-Touched Queen,"₹4,189.31",5
The Silent Sister (Riley MacPherson #1),"₹6,003.81",5
The Midnight Watch: A Novel of the Titanic and the Californian,"₹3,398.14",1
The Lonely City: Adventures in the Art of Being Alone,"₹4,313.82",2
The Gray Rhino: How to Recognize and Act on the Obvious Dangers We Ignore,"₹7,671.75",4
The Golden Condom: And Other Essays on Love Lost and Found,"₹5,114.07",1
The Epidemic (The Program 0.6),"₹1,872.87",5
The Dinner Party,"₹7,333.24",2
The Diary of a Young Girl,"₹7,769.03",3
The Children,"₹1,540.84",3
Stars Above (The Lunar Chronicles #4.5),"₹6,232.08",2
Snatched: How A Drug Queen Went Undercover for the DEA and Was Kidnapped By Colombian Guerillas,"₹2,750.94",3
Raspberry Pi Electronics Projects for the Evil Genius,"₹6,442.20",4
Quench Your Own Thirst: Business Lessons Learned Over a Beer or Two,"₹5,595.26",1
Psycho: Sanitarium (Psycho #1.5),"₹4,795.01",5
Poisonous (Max Revere Novels #3),"₹3,475.96",3
One with You (Crossfire #5),"₹2,037.59",4
No Love Allowed (Dodge Cove #1),"₹7,088.10",4
Murder at the 42nd Street Library (Raymond Ambler #1),"₹7,050.49",4
Most Wanted,"₹4,575.82",3
"Love, Lies and Spies","₹2,665.34",2
How to Speak Golf: An Illustrated Guide to Links Lingo,"₹7,564.10",5
Hide Away (Eve Duncan #20),"₹1,535.65",1
Furiously Happy: A Funny Book About Horrible Things,"₹5,377.36",4
Everyday Italian: 125 Simple and Delicious Recipes,"₹2,606.97",5
Equal Is Unfair: America's Misguided Fight Against Income Inequality,"₹7,374.74",1
Eleanor & Park,"₹7,329.35",5
Dirty (Dive Bar #1),"₹5,295.65",4
Can You Keep a Secret? (Fear Street Relaunch #4),"₹6,308.61",1
Boar Island (Anna Pigeon #19),"₹7,714.56",3
A Paris Apartment,"₹5,059.60",4
"A la Mode: 120 Recipes in 60 Pairings: Pies, Tarts, Cakes, Crisps, and More Topped with Ice Cream, Gelato, Frozen Custard, and More","₹5,028.47",1
Troublemaker: Surviving Hollywood and Scientology,"₹6,276.18",2
The Widow,"₹3,535.62",2
"The Sleep Revolution: Transforming Your Life, One Night at a Time","₹1,514.90",4
The Improbability of Love,"₹7,710.66",1
The Art of Startup Fundraising,"₹2,723.70",3
Take Me Home Tonight (Rock Star Romance #3),"₹7,001.21",3
Sleeping Giants (Themis Files #1),"₹6,321.58",1
"Setting the World on Fire: The Brief, Astonishing Life of St. Catherine of Siena","₹2,743.15",2
Playing with Fire,"₹1,778.19",3
Off the Hook (Fishing for Trouble #1),"₹6,182.80",3
Mothering Sunday,"₹1,730.20",2
"Mother, Can You Not?","₹2,190.63",5
M Train,"₹3,525.25",1
Lilac Girls,"₹2,241.22",2
Lies and Other Acts of Love,"₹5,854.66",1
Lab Girl,"₹5,298.24",1
Keep Me Posted,"₹2,653.66",4
It Didn't Start with You: How Inherited Family Trauma Shapes Who We Are and How to End the Cycle,"₹7,298.22",3
Grey (Fifty Shades #4),"₹6,289.15",4
"Exit, Pursued by a Bear","₹6,658.80",4
Daredevils,"₹2,119.30",3
Cravings: Recipes for What You Want to Eat,"₹2,658.85",3
Born for This: How to Find the Work You Were Meant to Do,"₹2,800.22",5
Arena,"₹2,770.39",4
Adultery,"₹2,708.14",5
A Mother's Reckoning: Living in the Aftermath of Tragedy,"₹2,533.04",3
A Gentleman's Position (Society of Gentlemen #3),"₹1,913.07",5
11/22/63,"₹6,287.86",3
"10% Happier: How I Tamed the Voice in My Head, Reduced Stress Without Losing My Edge, and Found Self-Help That Actually Works","₹3,186.73",2
10-Day Green Smoothie Cleanse: Lose Up to 15 Pounds in 10 Days!,"₹6,447.39",5
Without Shame,"₹6,260.62",5
Watchmen,"₹7,529.08",4
Unlimited Intuition Now,"₹7,635.44",4
Underlying Notes,"₹1,533.05",2
The Shack,"₹3,635.49",1
The New Brand You: Your New Image Makes the Sale for You,"₹5,713.28",5
"The Moosewood Cookbook: Recipes from Moosewood Restaurant, Ithaca, New York","₹1,600.50",4
The Flowers Lied,"₹2,163.40",2
"The Fabric of the Cosmos: Space, Time, and the Texture of Reality","₹7,251.53",1
The Book of Mormon,"₹3,186.73",3
The Art and Science of Low Carbohydrate Living,"₹6,871.51",5
The Alien Club,"₹7,055.68",1
Suzie Snowflake: One beautiful flake (a self-esteem story),"₹7,108.86",5
Nap-a-Roo,"₹3,252.88",1
"NaNo What Now? Finding your editing process, revising your NaNoWriMo book and building a writing career through publishing and beyond","₹1,350.18",4
Modern Day Fables,"₹6,152.97",2
If I Gave You God's Phone Number....: Searching for Spirituality in America,"₹2,712.03",1
"Fruits Basket, Vol. 9 (Fruits Basket #9)","₹4,403.31",4
Dress Your Family in Corduroy and Denim,"₹5,665.30",3
Don't Forget Steven,"₹4,309.93",1
Chernobyl 01:23:40: The Incredible True Story of the World's Worst Nuclear Disaster,"₹4,658.82",2
Art and Fear: Observations on the Perils (and Rewards) of Artmaking,"₹6,307.31",4
A Shard of Ice (The Black Symphony Saga #1),"₹7,344.91",3
A Hero's Curse (The Unseen Chronicles #1),"₹6,548.55",3
23 Degrees South: A Tropical Tale of Changing Whether...,"₹4,641.96",2
"Zero to One: Notes on Startups, or How to Build the Future","₹4,417.58",3
Why Not Me?,"₹2,303.47",1
When Breath Becomes Air,"₹5,104.99",2
Vagabonding: An Uncommon Guide to the Art of Long-Term World Travel,"₹4,791.12",2
The Unlikely Pilgrimage of Harold Fry (Harold Fry #1),"₹5,657.51",5
The New Drawing on the Right Side of the Brain,"₹5,579.69",3
"The Midnight Assassin: Panic, Scandal, and the Hunt for America's First Serial Killer","₹3,689.96",4
The Martian (The Martian #1),"₹5,368.28",2
The High Mountains of Portugal,"₹6,634.15",1
The Grownup,"₹4,653.64",1
The E-Myth Revisited: Why Most Small Businesses Don't Work and What to Do About It,"₹4,787.23",1
South of Sunshine,"₹3,752.22",1
Smarter Faster Better: The Secrets of Being Productive in Life and Business,"₹5,044.03",5
Silence in the Dark (Logan Point #4),"₹7,565.40",3
Shadows of the Past (Logan Point #1),"₹5,145.20",5
Roller Girl,"₹1,828.77",5
Rising Strong,"₹2,830.05",3
Proofs of God: Classical Arguments from Tertullian to Barth,"₹7,031.04",1
Please Kill Me: The Uncensored Oral History of Punk,"₹4,045.34",4
Out of Print: City Lights Spotlight No. 14,"₹6,957.11",5
My Life Next Door (My Life Next Door ),"₹4,719.78",5
Miller's Valley,"₹7,592.64",2
Man's Search for Meaning,"₹3,823.56",3
"Love That Boy: What Two Presidents, Eight Road Trips, and My Son Taught Me About a Parent's Expectations","₹3,250.28",2
Living Forward: A Proven Plan to Stop Drifting and Get the Life You Want,"₹1,627.73",3
Les Fleurs du Mal,"₹3,766.49",5
Left Behind (Left Behind #1),"₹5,281.38",2
Kill 'Em and Leave: Searching for James Brown and the American Soul,"₹5,842.98",5
Kierkegaard: A Christian Missionary to Christians,"₹6,112.76",1
John Vassos: Industrial Design for Modern Life,"₹2,622.53",4
I'll Give You the Sun,"₹7,325.46",1
I Will Find You,"₹5,734.04",1
Hystopia: A Novel,"₹2,848.21",4
Howl and Other Poems,"₹5,246.36",2
History of Beauty,"₹1,334.61",4
Heaven is for Real: A Little Boy's Astounding Story of His Trip to Heaven and Back,"₹6,855.94",2
Future Shock (Future Shock #1),"₹7,217.80",5
Ender's Game (The Ender Quintet #1),"₹5,660.11",1
Diary of a Citizen Scientist: Chasing Tiger Beetles and Other New Ways of Engaging the World,"₹3,684.78",1
Death by Leisure: A Cautionary Tale,"₹4,865.05",4
Brilliant Beacons: A History of the American Lighthouse,"₹1,485.06",3
Brazen: The Courage to Find the You That's Been Hiding,"₹2,492.83",2
Between the World and Me,"₹7,381.23",4
Being Mortal: Medicine and What Matters in the End,"₹7,141.28",4
"A Murder Over a Girl: Justice, Gender, Junior High","₹1,712.04",3
32 Yolks,"₹6,955.81",2
"""Most Blessed of the Patriarchs"": Thomas Jefferson and the Empire of the Imagination","₹5,769.06",5
You Are a Badass: How to Stop Doubting Your Greatness and Start Living an Awesome Life,"₹1,566.78",3
Wildlife of New York: A Five-Borough Coloring Book,"₹2,871.56",2
What Happened on Beale Street (Secrets of the South Mysteries #2),"₹3,290.49",5
Unreasonable Hope: Finding Faith in the God Who Brings Purpose to Your Pain,"₹6,009.00",2
Under the Tuscan Sun,"₹4,841.70",3
Toddlers Are A**holes: It's Not Your Fault,"₹3,313.83",1
The Year of Living Biblically: One Man's Humble Quest to Follow the Bible as Literally as Possible,"₹4,503.18",1
The Whale,"₹4,664.01",4
The Story of Art,"₹5,335.86",4
The Origin of Species,"₹1,298.30",4
The Great Gatsby,"₹4,675.68",4
The Good Girl,"₹6,359.19",3
The Glass Castle,"₹2,106.33",1
The Faith of Christopher Hitchens: The Restless Soul of the World's Most Notorious Atheist,"₹5,129.63",1
The Drowning Girls,"₹4,626.40",3
The Constant Princess (The Tudor Court #1),"₹2,155.61",3
The Bourne Identity (Jason Bourne #1),"₹5,548.57",4
The Bachelor Girl's Guide to Murder (Herringford and Watts Mysteries #1),"₹6,783.31",5
The Art Book,"₹4,194.50",2
The 7 Habits of Highly Effective People: Powerful Lessons in Personal Change,"₹4,302.15",4
Team of Rivals: The Political Genius of Abraham Lincoln,"₹2,609.56",5
Steal Like an Artist: 10 Things Nobody Told You About Being Creative,"₹2,710.73",2
"Sit, Stay, Love","₹2,710.73",3
Sister Dear,"₹5,213.94",4
"Shrunken Treasures: Literary Classics, Short, Sweet, and Silly","₹6,857.24",3
"Rich Dad, Poor Dad","₹6,710.68",1
Raymie Nightingale,"₹4,462.98",2
Playing from the Heart,"₹4,199.69",1
Nightstruck: A Novel,"₹6,530.39",4
"Naturally Lean: 125 Nourishing Gluten-Free, Plant-Based Recipes--All Under 300 Calories","₹1,475.99",5
Meternity,"₹5,652.33",3
Memoirs of a Geisha,"₹6,442.20",3
Like Never Before (Walker Family #2),"₹3,731.47",2
Life of Pi,"₹1,714.63",4
Leave This Song Behind: Teen Poetry at Its Best,"₹6,636.75",5
King's Folly (The Kinsman Chronicles #1),"₹5,137.42",5
John Adams,"₹7,448.67",4
How to Cook Everything Vegetarian: Simple Meatless Recipes for Great Food (How to Cook Everything),"₹5,967.50",4
How to Be a Domestic Goddess: Baking and the Art of Comfort Cooking,"₹3,664.02",2
Good in Bed (Cannie Shapiro #1),"₹4,805.38",5
"Fruits Basket, Vol. 7 (Fruits Basket #7)","₹2,538.23",1
For the Love: Fighting for Grace in a World of Impossible Standards,"₹5,853.36",3
Finding God in the Ruins: How God Redeems Pain,"₹6,049.21",2
Every Heart a Doorway (Every Heart A Doorway #1),"₹1,577.15",5
Delivering the Truth (Quaker Midwife Mystery #1),"₹2,709.43",4
Counted With the Stars (Out from Egypt #1),"₹2,330.71",5
"Chronicles, Vol. 1","₹6,822.22",2
Blue Like Jazz: Nonreligious Thoughts on Christian Spirituality,"₹3,342.37",1
Benjamin Franklin: An American Life,"₹6,250.24",3
"At The Existentialist Café: Freedom, Being, and apricot cocktails with: Jean-Paul Sartre, Simone de Beauvoir, Albert Camus, Martin Heidegger, Edmund Husserl, Karl Jaspers, Maurice Merleau-Ponty and others","₹3,881.92",5
A Summer In Europe,"₹5,750.90",2
A Short History of Nearly Everything,"₹6,796.28",5
A Gathering of Shadows (Shades of Magic #2),"₹5,811.86",4
The Sound Of Love,"₹7,501.85",5
The Rise and Fall of the Third Reich: A History of Nazi Germany,"₹5,145.20",2
The Perks of Being a Wallflower,"₹7,136.09",3
The Mysterious Affair at Styles (Hercule Poirot #1),"₹3,216.56",4
The Man Who Mistook His Wife for a Hat and Other Clinical Tales,"₹7,710.66",4
The Makings of a Fatherless Child,"₹4,095.93",2
The Joy of Cooking,"₹5,612.12",4
The Invention of Wings,"₹4,843.00",1
The Hobbit (Middle-Earth Universe),"₹2,308.66",5
The Great Railway Bazaar,"₹3,961.04",1
The Golden Compass (His Dark Materials #1),"₹2,434.47",1
The God Delusion,"₹6,076.44",3
The Girl You Left Behind (The Girl You Left Behind #1),"₹2,047.96",1
The Fellowship of the Ring (The Lord of the Rings #1),"₹1,332.02",2
The Collected Poems of W.B. Yeats (The Collected Works of W.B. Yeats #1),"₹1,999.97",5
The Barefoot Contessa Cookbook,"₹7,771.62",5
Tell the Wolves I'm Home,"₹6,609.51",2
Ship Leaves Harbor: Essays on Travel by a Recovering Journeyman,"₹3,968.82",3
Pride and Prejudice,"₹2,499.32",4
Musicophilia: Tales of Music and the Brain,"₹6,041.43",1
Mere Christianity,"₹6,291.75",3
Me Before You (Me Before You #1),"₹2,466.89",1
In the Woods (Dublin Murder Squad #1),"₹4,977.89",2
In Cold Blood,"₹6,482.41",4
How to Stop Worrying and Start Living,"₹6,029.75",5
Give It Back,"₹2,376.10",2
"Girl, Interrupted","₹5,465.56",3
Fun Home: A Family Tragicomic,"₹7,339.72",4
"Fruits Basket, Vol. 6 (Fruits Basket #6)","₹2,718.51",4
Deception Point,"₹5,229.50",4
"Death Note, Vol. 6: Give-and-Take (Death Note #6)","₹4,719.78",3
Catherine the Great: Portrait of a Woman,"₹7,593.93",4
Better Homes and Gardens New Cook Book,"₹5,137.42",3
An Unquiet Mind: A Memoir of Moods and Madness,"₹2,762.61",3
A Year in Provence (Provence #1),"₹7,377.34",4
World Without End (The Pillars of the Earth #2),"₹4,276.21",4
"Will Grayson, Will Grayson (Will Grayson, Will Grayson)","₹6,136.11",4
Why Save the Bankers?: And Other Essays on Our Economic and Political Crisis,"₹6,312.50",2
Where She Went (If I Stay #2),"₹5,412.38",4
What If?: Serious Scientific Answers to Absurd Hypothetical Questions,"₹6,962.30",4
Two Summers,"₹1,898.81",1
This Is Your Brain on Music: The Science of a Human Obsession,"₹4,980.48",1
The Secret Garden,"₹1,955.88",4
The Raven King (The Raven Cycle #4),"₹3,964.93",2
The Raven Boys (The Raven Cycle #1),"₹7,488.88",4
The Power Greens Cookbook: 140 Delicious Superfood Recipes,"₹1,433.18",5
The Metamorphosis,"₹3,706.83",1
The Mathews Men: Seven Brothers and the War Against Hitler's U-boats,"₹5,565.43",5
The Little Paris Bookshop,"₹3,207.48",3
The Hiding Place,"₹7,251.53",4
The Grand Design,"₹1,784.67",3
The Firm,"₹5,909.13",3
The Fault in Our Stars,"₹6,124.43",1
The False Prince (The Ascendance Trilogy #1),"₹7,263.20",5
The Expatriates,"₹5,782.03",2
The Dream Thieves (The Raven Cycle #2),"₹4,474.65",1
The Darkest Corners,"₹1,469.50",5
The Crossover,"₹5,028.47",4
The 5th Wave (The 5th Wave #1),"₹1,534.35",2
Tell the Wind and Fire,"₹5,902.65",3
Tell Me Three Things,"₹5,422.76",1
Talking to Girls About Duran Duran: One Young Man's Quest for True Love and a Cooler Haircut,"₹3,261.95",4
Siddhartha,"₹4,438.33",5
Shiver (The Wolves of Mercy Falls #1),"₹2,105.03",5
Remember Me?,"₹1,488.96",3
Red Dragon (Hannibal Lecter #1),"₹3,031.09",3
Peak: Secrets from the New Science of Expertise,"₹2,111.52",2
My Mother Was Nuts,"₹4,102.41",4
Mexican Today: New and Rediscovered Recipes for Contemporary Kitchens,"₹3,230.83",5
Maybe Something Beautiful: How Art Transformed a Neighborhood,"₹2,923.44",1
Lola and the Boy Next Door (Anna and the French Kiss #2),"₹3,064.81",4
Logan Kade (Fallen Crest High #5.5),"₹1,701.66",2
Last One Home (New Beginnings #1),"₹7,779.41",3
Killing Floor (Jack Reacher #1),"₹4,084.25",4
Kill the Boy Band,"₹2,012.94",5
Isla and the Happily Ever After (Anna and the French Kiss #3),"₹6,242.46",5
If I Stay (If I Stay #1),"₹4,945.46",5
I Know Why the Caged Bird Sings (Maya Angelou's Autobiography #1),"₹4,740.53",2
Harry Potter and the Deathly Hallows (Harry Potter #7),"₹3,024.60",1
"Fruits Basket, Vol. 5 (Fruits Basket #5)","₹2,118.00",1
Foundation (Foundation (Publication Order) #1),"₹4,204.87",1
Fool Me Once,"₹2,199.71",1
Find Her (Detective D.D. Warren #8),"₹2,901.39",1
Evicted: Poverty and Profit in the American City,"₹5,482.42",1
Drama,"₹5,019.39",2
Dracula the Un-Dead,"₹4,621.21",5
Digital Fortress,"₹7,522.60",5
"Death Note, Vol. 5: Whiteout (Death Note #5)","₹6,797.58",1
"Data, A Love Story: How I Gamed Online Dating to Meet My Match","₹4,195.80",3
Critique of Pure Reason,"₹2,691.27",1
Booked,"₹2,268.45",5
"Blue Lily, Lily Blue (The Raven Cycle #3)","₹4,426.66",5
Approval Junkie: Adventures in Caring Too Much,"₹7,627.66",5
An Abundance of Katherines,"₹1,297.00",5
America's War for the Greater Middle East: A Military History,"₹6,643.23",2
Alight (The Generations Trilogy #2),"₹7,599.12",4
A Girl's Guide to Moving On (New Beginnings #2),"₹4,059.61",1
A Game of Thrones (A Song of Ice and Fire #1),"₹6,020.67",2
A Feast for Crows (A Song of Ice and Fire #4),"₹2,232.14",4
A Clash of Kings (A Song of Ice and Fire #2),"₹1,399.46",3
Vogue Colors A to Z: A Fashion Coloring Book,"₹6,789.79",4
The Shining (The Shining #1),"₹3,616.04",3
The Pilgrim's Progress,"₹6,518.72",2
The Perfect Play (Play by Play #1),"₹7,780.70",3
The Passion of Dolssa,"₹3,673.10",5
The Jazz of Physics: The Secret Link Between Music and the Structure of the Universe,"₹5,020.69",3
The Hunger Games (The Hunger Games #1),"₹3,871.54",5
The Hound of the Baskervilles (Sherlock Holmes #5),"₹1,922.15",2
The Gunning of America: Business and the Making of American Gun Culture,"₹2,180.26",4
The Geography of Bliss: One Grump's Search for the Happiest Places in the World,"₹3,661.43",2
The Demonists (Demonist #1),"₹6,758.67",2
"The Demon Prince of Momochi House, Vol. 4 (The Demon Prince of Momochi House #4)","₹3,616.04",2
The Bone Hunters (Lexy Vaughan & Steven Macaulay #2),"₹7,744.39",3
The Beast (Black Dagger Brotherhood #14),"₹5,976.58",5
Some Women,"₹1,780.78",5
Shopaholic Ties the Knot (Shopaholic #3),"₹6,276.18",5
Paper and Fire (The Great Library #2),"₹6,413.66",5
Outlander (Outlander #1),"₹2,551.20",5
"Orchestra of Exiles: The Story of Bronislaw Huberman, the Israel Philharmonic, and the One Thousand Jews He Saved from Nazi Horrors","₹1,603.09",3
No One Here Gets Out Alive,"₹2,596.59",5
Night Shift (Night Shift #1-20),"₹1,653.67",4
Needful Things,"₹6,162.05",4
Mockingjay (The Hunger Games #3),"₹2,651.07",4
Misery,"₹4,512.26",2
Little Women (Little Women #1),"₹3,640.68",4
It,"₹3,243.80",3
Harry Potter and the Sorcerer's Stone (Harry Potter #1),"₹1,802.83",3
Harry Potter and the Prisoner of Azkaban (Harry Potter #3),"₹3,134.85",4
Harry Potter and the Order of the Phoenix (Harry Potter #5),"₹4,102.41",4
Harry Potter and the Half-Blood Prince (Harry Potter #6),"₹6,322.87",5
Harry Potter and the Chamber of Secrets (Harry Potter #2),"₹1,911.78",1
Gone with the Wind,"₹4,213.95",3
God Is Not Great: How Religion Poisons Everything,"₹3,605.66",1
Girl With a Pearl Earring,"₹3,472.07",1
"Fruits Basket, Vol. 4 (Fruits Basket #4)","₹6,542.07",4
Far From True (Promise Falls Trilogy #2),"₹4,530.42",2
Dark Lover (Black Dagger Brotherhood #1),"₹1,669.24",1
Confessions of a Shopaholic (Shopaholic #1),"₹6,347.52",2
Changing the Game (Play by Play #2),"₹1,735.39",3
Candide,"₹7,604.31",3
Can You Keep a Secret?,"₹2,845.62",1
Atlas Shrugged,"₹3,447.43",5
Animal Farm,"₹7,421.43",3
A Walk to Remember,"₹7,318.97",1
A New Earth: Awakening to Your Life's Purpose,"₹7,217.80",5
"A History of God: The 4,000-Year Quest of Judaism, Christianity, and Islam","₹3,582.31",1
'Salem's Lot,"₹6,427.93",4
Zero History (Blue Ant #3),"₹4,509.67",1
Wuthering Heights,"₹2,299.58",3
World War Z: An Oral History of the Zombie War,"₹2,827.46",1
Wild: From Lost to Found on the Pacific Crest Trail,"₹5,968.79",3
"Where'd You Go, Bernadette","₹2,351.46",1
When You Are Engulfed in Flames,"₹4,006.43",5
We the People: The Modern-Day Figures Who Have Reshaped and Affirmed the Founding Fathers' Vision of America,"₹4,143.91",3
We Are All Completely Beside Ourselves,"₹3,117.99",1
Walk the Edge (Thunder Road #2),"₹4,197.09",3
Voyager (Outlander #3),"₹2,732.78",5
Very Good Lives: The Fringe Benefits of Failure and the Importance of Imagination,"₹6,570.60",3
Vegan Vegetarian Omnivore: Dinner for Everyone at the Table,"₹1,771.70",2
"Unstuffed: Decluttering Your Home, Mind, and Soul","₹7,534.27",1
Under the Banner of Heaven: A Story of Violent Faith,"₹3,891.00",1
Two Boys Kissing,"₹4,246.38",2
Twilight (Twilight #1),"₹5,438.32",2
Twenties Girl,"₹5,551.16",2
"Trespassing Across America: One Man's Epic, Never-Done-Before (and Sort of Illegal) Hike Across the Heartland","₹6,940.25",1
Three-Martini Lunch,"₹3,010.34",3
"Thinking, Fast and Slow","₹2,741.86",1
The Wild Robot,"₹7,272.28",3
"The Wicked + The Divine, Vol. 3: Commercial Suicide (The Wicked + The Divine)","₹1,868.98",3
The Undomestic Goddess,"₹5,933.77",4
The Travelers,"₹2,045.37",1
The Tipping Point: How Little Things Can Make a Big Difference,"₹1,299.59",2
The Thing About Jellyfish,"₹6,325.47",1
The Stand,"₹7,504.44",2
The Smitten Kitchen Cookbook,"₹3,059.62",1
The Silkworm (Cormoran Strike #2),"₹2,989.59",5
"The Sandman, Vol. 3: Dream Country (The Sandman (volumes) #3)","₹7,204.83",5
The Rose & the Dagger (The Wrath and the Dawn #2),"₹7,605.61",4
The Road to Little Dribbling: Adventures of an American in Britain (Notes From a Small Island #2),"₹3,010.34",1
The Rise of Theodore Roosevelt (Theodore Roosevelt #1),"₹5,521.33",3
The Restaurant at the End of the Universe (Hitchhiker's Guide to the Galaxy #2),"₹1,416.32",1
The Rest Is Noise: Listening to the Twentieth Century,"₹4,509.67",1
The Red Tent,"₹4,625.10",5
The Purpose Driven Life: What on Earth Am I Here for?,"₹4,823.54",3
The Purest Hook (Second Circle Tattoos #3),"₹1,588.82",1
The Picture of Dorian Gray,"₹3,852.09",2
The Paris Wife,"₹4,772.96",3
The Obsession,"₹5,892.27",1
The Nightingale,"₹3,405.92",4
The New Guy (and Other Senior Year Distractions),"₹5,826.12",3
The Nanny Diaries (Nanny #1),"₹6,813.14",5
The Name of God is Mercy,"₹4,831.32",2
The Maze Runner (The Maze Runner #1),"₹2,714.62",1
The Lover's Dictionary,"₹7,534.27",2
The Lonely Ones,"₹5,653.62",5
The Lean Startup: How Today's Entrepreneurs Use Continuous Innovation to Create Radically Successful Businesses,"₹4,399.42",3
The Last Painting of Sara de Vos,"₹7,204.83",2
"The Land of 10,000 Madonnas","₹3,844.31",4
The Infinities,"₹3,555.08",1
The Husband's Secret,"₹6,810.55",5
The Hitchhiker's Guide to the Galaxy (Hitchhiker's Guide to the Galaxy #1),"₹6,199.66",3
The Guns of August,"₹1,885.84",2
The Guernsey Literary and Potato Peel Pie Society,"₹6,424.04",1
The Goldfinch,"₹5,652.33",3
The Giver (The Giver Quartet #1),"₹1,595.31",1
The Girl with All the Gifts,"₹6,416.26",3
The Girl Who Played with Fire (Millennium Trilogy #2),"₹2,871.56",2
The Girl Who Kicked the Hornet's Nest (Millennium Trilogy #3),"₹7,455.16",1
The Exiled,"₹5,635.47",3
"The End of Faith: Religion, Terror, and the Future of Reason","₹2,870.26",4
"The Elegant Universe: Superstrings, Hidden Dimensions, and the Quest for the Ultimate Theory","₹1,689.99",4
"The Disappearing Spoon: And Other True Tales of Madness, Love, and the History of the World from the Periodic Table of the Elements","₹7,438.29",5
The Devil Wears Prada (The Devil Wears Prada #1),"₹5,744.41",1
The Demon-Haunted World: Science as a Candle in the Dark,"₹6,776.82",4
The Day the Crayons Came Home (Crayons),"₹3,415.00",5
The Da Vinci Code (Robert Langdon #2),"₹2,977.91",2
The Cuckoo's Calling (Cormoran Strike #1),"₹2,491.54",1
The Complete Stories and Poems (The Works of Edgar Allan Poe [Cameo Edition]),"₹3,473.37",4
The Complete Poems,"₹5,359.20",5
The Catcher in the Rye,"₹3,184.13",1
The Cat in the Hat (Beginner Books B-1),"₹2,108.92",2
The Case for Christ (Cases for Christianity),"₹6,204.85",1
The Book Thief,"₹6,937.65",2
The Book of Basketball: The NBA According to The Sports Guy,"₹5,815.75",5
The Blind Side: Evolution of a Game,"₹6,966.19",5
The Autobiography of Malcolm X,"₹3,038.87",2
"The Art of Simple Food: Notes, Lessons, and Recipes from a Delicious Revolution","₹4,451.30",3
The Art of Fielding,"₹2,866.37",1
"Surely You're Joking, Mr. Feynman!: Adventures of a Curious Character","₹3,350.15",2
Stiff: The Curious Lives of Human Cadavers,"₹4,765.18",3
Spilled Milk: Based on a True Story,"₹6,421.45",1
Something Borrowed (Darcy & Rachel #1),"₹6,350.11",5
Something Blue (Darcy & Rachel #2),"₹7,084.21",1
Soldier (Talon #3),"₹3,206.18",2
Shopaholic & Baby (Shopaholic #5),"₹6,024.56",2
Seven Days in the Art World,"₹6,787.20",2
Seven Brief Lessons on Physics,"₹3,968.82",4
Scarlet (The Lunar Chronicles #2),"₹1,889.73",4
Sarah's Key,"₹6,003.81",1
"Saga, Volume 3 (Saga (Collected Editions) #3)","₹2,797.63",5
Running with Scissors,"₹1,674.43",4
Rogue Lawyer (Rogue Lawyer #1),"₹6,499.27",3
"Rise of the Rocket Girls: The Women Who Propelled Us, from Missiles to the Moon to Mars","₹5,404.60",4
Rework,"₹5,820.94",2
Reservations for Two,"₹1,439.67",3
Red: The True Story of Red Riding Hood,"₹3,701.64",3
Ready Player One,"₹2,473.38",4
Quiet: The Power of Introverts in a World That Can't Stop Talking,"₹5,648.43",1
Prodigy: The Graphic Novel (Legend: The Graphic Novel #2),"₹5,658.81",3
Persepolis: The Story of a Childhood (Persepolis #1-2),"₹5,075.16",1
Packing for Mars: The Curious Science of Life in the Void,"₹7,351.40",2
Outliers: The Story of Success,"₹1,836.55",1
Original Fake,"₹4,079.06",3
Orange Is the New Black,"₹3,191.92",2
One for the Money (Stephanie Plum #1),"₹4,263.24",2
Notes from a Small Island (Notes From a Small Island #1),"₹5,210.05",1
Night (The Night Trilogy #1),"₹1,752.25",1
Neither Here nor There: Travels in Europe,"₹5,051.81",3
Naked,"₹4,110.19",3
Morning Star (Red Rising #3),"₹3,813.18",1
"Miracles from Heaven: A Little Girl, Her Journey to Heaven, and Her Amazing Story of Healing","₹7,500.55",1
Midnight Riot (Peter Grant/ Rivers of London - books #1),"₹7,193.16",2
Me Talk Pretty One Day,"₹7,470.72",2
Manuscript Found in Accra,"₹4,536.91",2
Lust & Wonder,"₹1,539.54",2
Lila (Gilead #3),"₹1,617.36",3
"Life, the Universe and Everything (Hitchhiker's Guide to the Galaxy #3)","₹4,313.82",2
Life Without a Recipe,"₹7,657.49",5
Life After Life,"₹3,389.06",2
Letter to a Christian Nation,"₹2,879.34",1
Let's Pretend This Never Happened: A Mostly True Memoir,"₹5,850.77",1
Legend (Legend #1),"₹5,666.59",4
"Lean In: Women, Work, and the Will to Lead","₹3,245.09",1
"Lamb: The Gospel According to Biff, Christ's Childhood Pal","₹7,198.35",5
Lady Renegades (Rebel Belle #3),"₹6,879.29",5
Jurassic Park (Jurassic Park #1),"₹5,832.61",1
It's Never Too Late to Begin Again: Discovering Creativity and Meaning at Midlife and Beyond,"₹5,496.69",1
Is Everyone Hanging Out Without Me? (And Other Concerns),"₹2,608.27",3
Into the Wild,"₹7,353.99",5
Inferno (Robert Langdon #4),"₹5,317.70",5
"In the Garden of Beasts: Love, Terror, and an American Family in Hitler's Berlin","₹3,741.84",3
If I Run (If I Run #1),"₹6,481.11",4
I've Got Your Number,"₹2,553.79",1
I Am Malala: The Girl Who Stood Up for Education and Was Shot by the Taliban,"₹3,745.74",2
Hungry Girl Clean & Hungry: Easy All-Natural Recipes for Healthy Eating in the Real World,"₹4,298.26",3
"House of Lost Worlds: Dinosaurs, Dynasties, and the Story of Life on Earth","₹5,667.89",2
House of Leaves,"₹7,119.23",1
Horrible Bear!,"₹4,866.34",2
Holidays on Ice,"₹6,623.78",2
Heir to the Sky,"₹5,715.88",4
Green Eggs and Ham (Beginner Books B-16),"₹1,399.46",4
"Grayson, Vol 3: Nemesis (Grayson #3)","₹5,540.78",1
Gratitude,"₹3,457.80",5
Gone Girl,"₹4,876.72",5
Golden (Heart of Dread #3),"₹5,474.64",4
Girl in the Blue Coat,"₹6,073.85",2
"Fruits Basket, Vol. 3 (Fruits Basket #3)","₹5,858.55",2
"Friday Night Lights: A Town, a Team, and a Dream","₹6,643.23",3
Fire Bound (Sea Haven/Sisters of the Heart #5),"₹2,760.02",4
Fifty Shades Freed (Fifty Shades #3),"₹1,992.19",5
Fellside,"₹5,009.01",1
Extreme Prey (Lucas Davenport #26),"₹3,294.38",3
Eragon (The Inheritance Cycle #1),"₹5,689.94",3
Eclipse (Twilight #3),"₹2,430.58",1
Dune (Dune #1),"₹7,115.34",1
Dracula,"₹6,824.81",3
Do Androids Dream of Electric Sheep? (Blade Runner #1),"₹6,676.96",1
Disrupted: My Misadventure in the Start-Up Bubble,"₹1,981.82",5
Dead Wake: The Last Crossing of the Lusitania,"₹5,089.43",5
"David and Goliath: Underdogs, Misfits, and the Art of Battling Giants","₹2,309.96",1
Darkfever (Fever #1),"₹7,265.79",1
Dark Places,"₹3,099.83",5
Crazy Rich Asians (Crazy Rich Asians #1),"₹6,372.16",5
Counting Thyme,"₹1,377.41",1
Cosmos,"₹4,691.25",2
Civilization and Its Discontents,"₹7,775.51",2
Cinder (The Lunar Chronicles #1),"₹3,383.87",1
Catastrophic Happiness: Finding Joy in Childhood's Messy Years,"₹4,844.30",2
Career of Evil (Cormoran Strike #3),"₹3,206.18",2
Breaking Dawn (Twilight #4),"₹4,575.82",5
Brave Enough,"₹6,656.20",5
Boy Meets Boy,"₹2,739.26",3
"Born to Run: A Hidden Tribe, Superathletes, and the Greatest Race the World Has Never Seen","₹3,547.30",2
Blink: The Power of Thinking Without Thinking,"₹2,819.68",5
Black Flags: The Rise of ISIS,"₹5,300.84",1
"Black Butler, Vol. 1 (Black Butler #1)","₹6,395.51",1
Big Little Lies,"₹2,867.67",1
Between Shades of Gray,"₹2,696.46",5
Best of My Love (Fool's Gold #20),"₹3,555.08",2
Beowulf,"₹4,973.99",2
Beautiful Creatures (Caster Chronicles #1),"₹2,795.03",5
Awkward,"₹4,931.19",2
Ash,"₹2,861.18",4
Are We There Yet?,"₹1,382.60",3
Are We Smart Enough to Know How Smart Animals Are?,"₹7,338.43",1
Annie on My Mind,"₹4,776.85",5
And Then There Were None,"₹4,540.80",2
A Walk in the Woods: Rediscovering America on the Appalachian Trail,"₹3,953.26",4
A Visit from the Goon Squad,"₹1,826.18",5
A Storm of Swords (A Song of Ice and Fire #3),"₹4,049.23",2
A Heartbreaking Work of Staggering Genius,"₹7,041.41",5
8 Keys to Mental Health Through Exercise,"₹4,025.89",1
#GIRLBOSS,"₹6,609.51",1
"The Suffragettes (Little Black Classics, #96)","₹1,542.13",2
The Sense of an Ending,"₹4,069.99",3
"The Sandman, Vol. 2: The Doll's House (The Sandman (volumes) #2)","₹7,108.86",1
The Course of Love,"₹2,176.37",3
Sugar Rush (Offensive Line #2),"₹3,167.27",1
"Saga, Volume 2 (Saga (Collected Editions) #2)","₹1,523.97",3
"Run, Spot, Run: The Ethics of Keeping Pets","₹2,596.59",1
New Moon (Twilight #2),"₹1,667.94",4
Life,"₹4,095.93",5
Kindle Paperwhite User's Guide,"₹4,409.80",3
H is for Hawk,"₹7,447.37",5
Girl Online On Tour (Girl Online #2),"₹6,935.06",1
"Fruits Basket, Vol. 2 (Fruits Basket #2)","₹1,509.71",5
Diary of a Minecraft Zombie Book 1: A Scare of a Dare (An Unofficial Minecraft Book),"₹6,858.54",4
"Y: The Last Man, Vol. 1: Unmanned (Y: The Last Man #1)","₹2,400.75",4
While You Were Mine,"₹5,359.20",5
Where Lightning Strikes (Bleeding Stars #3),"₹5,158.17",3
When I'm Gone,"₹6,739.21",3
Ways of Seeing,"₹5,124.45",5
"Vampire Knight, Vol. 1 (Vampire Knight #1)","₹1,997.38",1
Vampire Girl (Vampire Girl #1),"₹6,980.45",2
Twenty Love Poems and a Song of Despair,"₹4,014.21",4
Travels with Charley: In Search of America,"₹7,499.25",5
Three Wishes (River of Time: California #1),"₹5,730.15",2
This One Moment (Pushing Limits #1),"₹6,317.69",1
The Zombie Room,"₹2,553.79",5
"The Wicked + The Divine, Vol. 1: The Faust Act (The Wicked + The Divine)","₹4,736.64",2
The Tumor,"₹5,390.33",5
The Story of Hong Gildong,"₹5,601.74",4
The Silent Wife,"₹1,600.50",5
The Silent Twin (Detective Jennifer Knight #3),"₹4,701.62",3
The Selfish Gene,"₹3,819.66",1
The Secret Healer,"₹4,482.43",3
"The Sandman, Vol. 1: Preludes and Nocturnes (The Sandman (volumes) #1)","₹7,019.36",3
The Republic,"₹4,381.27",3
The Odyssey,"₹3,844.31",3
The No. 1 Ladies' Detective Agency (No. 1 Ladies' Detective Agency #1),"₹7,483.69",4
The Nicomachean Ethics,"₹4,713.30",1
The Name of the Wind (The Kingkiller Chronicle #1),"₹6,561.52",3
The Mirror & the Maze (The Wrath and the Dawn #1.5),"₹3,810.59",1
The Little Prince,"₹5,890.97",2
The Light of the Fireflies,"₹7,059.57",1
The Last Girl (The Dominion Trilogy #1),"₹4,702.92",2
The Iliad,"₹2,095.95",1
The Hook Up (Game On #1),"₹4,706.81",5
The Haters,"₹3,617.33",5
The Girl You Lost,"₹1,594.01",5
The Girl In The Ice (DCI Erika Foster #1),"₹2,055.74",3
The End of the Jesus Era (An Investigation #1),"₹1,867.68",1
The Edge of Reason (Bridget Jones #2),"₹2,487.65",4
The Complete Maus (Maus #1-2),"₹1,380.01",3
The Communist Manifesto,"₹1,914.37",3
The Bhagavad Gita,"₹7,456.45",3
The Bette Davis Club,"₹3,976.60",3
The Art of Not Breathing,"₹5,295.65",4
Taking Shots (Assassins #1),"₹2,448.74",2
Starlark,"₹3,350.15",3
"Skip Beat!, Vol. 01 (Skip Beat! #1)","₹5,462.96",3
Sister Sable (The Mad Queen #1),"₹1,728.90",3
Shatter Me (Shatter Me #1),"₹5,499.28",1
Shameless,"₹7,567.99",3
Shadow Rites (Jane Yellowrock #10),"₹2,817.08",4
Settling the Score (The Summer Games #1),"₹5,824.83",2
Sense and Sensibility,"₹4,858.56",1
"Saga, Volume 1 (Saga (Collected Editions) #1)","₹3,693.86",1
"Rhythm, Chord & Malykhin","₹3,675.70",2
"Rat Queens, Vol. 1: Sass & Sorcery (Rat Queens (Collected Editions) #1-5)","₹6,090.71",5
Paradise Lost (Paradise #1),"₹3,237.31",1
"Paper Girls, Vol. 1 (Paper Girls #1-5)","₹2,815.79",4
"Ouran High School Host Club, Vol. 1 (Ouran High School Host Club #1)","₹3,874.14",3
Origins (Alphas 0.5),"₹3,760.00",1
One Second (Seven #7),"₹6,866.32",2
On the Road (Duluoz Legend),"₹4,197.09",3
Old Records Never Die: One Man's Quest for His Vinyl and His Past,"₹7,219.10",2
Off Sides (Off #1),"₹5,116.66",5
Of Mice and Men,"₹6,110.17",2
Myriad (Prentor #1),"₹7,619.87",4
My Perfect Mistake (Over the Top #1),"₹5,047.92",2
"Ms. Marvel, Vol. 1: No Normal (Ms. Marvel (2014-2015) #1)","₹5,108.88",4
Meditations,"₹3,357.93",2
Matilda,"₹3,675.70",1
Lost Among the Living,"₹3,592.69",4
Lord of the Flies,"₹3,228.23",3
Listen to Me (Fusion #1),"₹7,651.00",3
Kitchens of the Great Midwest,"₹7,418.84",5
Jane Eyre,"₹4,984.37",5
Imperfect Harmony,"₹4,505.78",4
Icing (Aces Hockey #2),"₹5,245.07",4
"Hawkeye, Vol. 1: My Life as a Weapon (Hawkeye #1)","₹5,867.63",3
Having the Barbarian's Baby (Ice Planet Barbarians #7.5),"₹4,534.31",4
"Giant Days, Vol. 1 (Giant Days #1-4)","₹7,361.77",4
"Fruits Basket, Vol. 1 (Fruits Basket #1)","₹5,224.32",5
Frankenstein,"₹4,928.60",2
Forever Rockers (The Rocker #12),"₹3,735.36",3
Fighting Fate (Fighting #6),"₹5,089.43",3
Emma,"₹4,271.02",2
"Eat, Pray, Love","₹6,656.20",3
Deep Under (Walker Security #1),"₹6,107.57",5
Choosing Our Religion: The Spiritual Lives of America's Nones,"₹3,686.07",4
Charlie and the Chocolate Factory (Charlie Bucket #1),"₹2,963.64",3
Charity's Cross (Charles Towne Belles #4),"₹5,348.83",1
Bright Lines,"₹5,067.38",5
Bridget Jones's Diary (Bridget Jones #1),"₹3,867.65",1
Bounty (Colorado Mountain #7),"₹4,832.62",4
Blood Defense (Samantha Brinkman #1),"₹2,632.91",3
"Bleach, Vol. 1: Strawberry and the Soul Reapers (Bleach #1)","₹4,494.10",5
Beyond Good and Evil,"₹5,626.39",1
Alice in Wonderland (Alice's Adventures in Wonderland #1),"₹7,202.24",1
"Ajin: Demi-Human, Volume 1 (Ajin: Demi-Human #1)","₹7,400.68",4
A Spy's Devotion (The Regency Spies of London #1),"₹2,201.01",5
1st to Die (Women's Murder Club #1),"₹7,001.21",1
"1,000 Places to See Before You Die","₹3,382.58",5
